{"(0, 1, 0, 0)": {"(0, 1)": -0.35647705251805345, "(1, 0)": -0.2868828768939458, "(0, -1)": -0.3302864008816984, "(-1, 0)": -0.34367595380269544}, "(0, 1, 1, 0)": {"(0, 1)": -0.12, "(1, 0)": 0.0, "(0, -1)": 0.0, "(-1, 0)": 0.0}, "(1, 0, 0, 0)": {"(0, 1)": -0.3202234335359519, "(1, 0)": -0.26561195041943997, "(0, -1)": -0.2143, "(-1, 0)": -0.20613823525000002}, "(0, 0, 0, 0)": {"(0, 1)": -0.6003983950423861, "(1, 0)": -0.5693009177640912, "(0, -1)": -0.5821132747212282, "(-1, 0)": -0.5522340238998653}, "(0, 0, 1, 0)": {"(0, 1)": -0.1666816559260354, "(1, 0)": -0.21317987793624998, "(0, -1)": -0.17496309273625, "(-1, 0)": -0.241459198971266}, "(1, 1, 1, 0)": {"(0, 1)": 0.0, "(1, 0)": 0.0, "(0, -1)": -0.04000000000000001, "(-1, 0)": 0.0}, "(0, 0, 0, 1)": {"(0, 1)": -0.4034986289815862, "(1, 0)": -0.39334438145526784, "(0, -1)": -0.3488848152449997, "(-1, 0)": -0.3224332787688222}, "(0, 1, 0, 1)": {"(0, 1)": -0.09000000000000001, "(1, 0)": 0.0, "(0, -1)": -0.09432345, "(-1, 0)": 0.0}, "(1, 0, 1, 0)": {"(0, 1)": -0.1219, "(1, 0)": -0.11906580139913941, "(0, -1)": -0.15967040136785934, "(-1, 0)": 0.0}}