{"(0, 0, 0, 0, 'DOWN')": {"(0, 1)": -1.935792164811395, "(1, 0)": -1.9457116620715953, "(0, -1)": -1.9668237787456115, "(-1, 0)": -1.9753262039438109}, "(0, 0, 0, 0, 'LEFT')": {"(0, 1)": -1.8268789425149556, "(1, 0)": -1.8491636547975279, "(0, -1)": -1.7600293962497124, "(-1, 0)": -1.8027574144061151}, "(0, 0, 1, 0, 'DOWN')": {"(0, 1)": -1.8149799944928775, "(1, 0)": -1.743871307048, "(0, -1)": -1.4661147362909508, "(-1, 0)": -1.7294618533611283}, "(1, 0, 0, 0, 'DOWN')": {"(0, 1)": -1.1755835677785518, "(1, 0)": -1.2419931235985215, "(0, -1)": -1.3573716640087883, "(-1, 0)": -1.2411077895287168}, "(0, 0, 0, 1, 'DOWN')": {"(0, 1)": -1.7986421089057212, "(1, 0)": -1.763670549753034, "(0, -1)": -1.7279520862462916, "(-1, 0)": -1.3113914324502889}, "(1, 0, 0, 0, 'LEFT')": {"(0, 1)": -1.2886192354949393, "(1, 0)": -1.4290489253025975, "(0, -1)": -1.3333191076155524, "(-1, 0)": -1.3634551848583434}, "(0, 1, 0, 1, 'LEFT')": {"(0, 1)": -1.5292272734840502, "(1, 0)": -0.9756901269477177, "(0, -1)": -1.4661943707982068, "(-1, 0)": -1.6455764467709515}, "(1, 1, 0, 0, 'LEFT')": {"(0, 1)": -1.4377569256147698, "(1, 0)": -1.245000598912348, "(0, -1)": -1.4507107604406113, "(-1, 0)": -1.4685055548152852}, "(0, 1, 0, 0, 'DOWN')": {"(0, 1)": -1.523616076238257, "(1, 0)": -1.257016311984616, "(0, -1)": -1.5898511091621872, "(-1, 0)": -1.4671494248514545}, "(1, 0, 0, 1, 'DOWN')": {"(0, 1)": -0.22957959100271888, "(1, 0)": -0.33464698243190316, "(0, -1)": -0.40238555410498655, "(-1, 0)": -0.145}, "(0, 1, 1, 0, 'DOWN')": {"(0, 1)": -1.6063938873107988, "(1, 0)": -1.0467589243763065, "(0, -1)": -1.0770519845130628, "(-1, 0)": -1.682491607543892}, "(1, 1, 1, 0, 'DOWN')": {"(0, 1)": -1.713053225745286, "(1, 0)": -0.10085962500000001, "(0, -1)": -0.4133816387947664, "(-1, 0)": -1.6660997815294059}, "(0, 1, 0, 1, 'DOWN')": {"(0, 1)": -1.2056581801806516, "(1, 0)": -1.2293568198222111, "(0, -1)": -1.3414219984223337, "(-1, 0)": -1.2244552710574683}, "(0, 0, 0, 1, 'RIGHT')": {"(0, 1)": -1.744359411952711, "(1, 0)": -1.6019270351731807, "(0, -1)": -1.665733681367887, "(-1, 0)": -0.8114684383153604}, "(0, 0, 1, 1, 'RIGHT')": {"(0, 1)": -1.2474584870461407, "(1, 0)": -1.2077926678498503, "(0, -1)": -1.0729988908999881, "(-1, 0)": -0.3496084519470148}, "(0, 0, 0, 0, 'RIGHT')": {"(0, 1)": -1.5340858686125927, "(1, 0)": -1.9013740330191256, "(0, -1)": -1.9229339800577103, "(-1, 0)": -1.993148172975824}, "(0, 0, 0, 0, None)": {"(0, 1)": -1.0334633471454977, "(1, 0)": -0.9732690817080762, "(0, -1)": -1.0426458859802707, "(-1, 0)": -1.0704214811715362}, "(0, 1, 0, 0, 'LEFT')": {"(0, 1)": -1.8946133771509814, "(1, 0)": -1.3203502505075995, "(0, -1)": -1.9746883712172962, "(-1, 0)": -1.970729323812328}, "(0, 1, 0, 0, 'UP')": {"(0, 1)": -1.4533316093124953, "(1, 0)": -1.131040309545709, "(0, -1)": -1.446700347788996, "(-1, 0)": -1.5002233579010553}, "(1, 1, 0, 0, 'UP')": {"(0, 1)": -1.1199938593378562, "(1, 0)": -1.3426835488975812, "(0, -1)": -1.4732735050087196, "(-1, 0)": -1.4678084467307961}, "(1, 0, 0, 0, 'UP')": {"(0, 1)": -1.285941695237937, "(1, 0)": -1.6672245709939884, "(0, -1)": -1.6518511627148817, "(-1, 0)": -1.734332348461409}, "(0, 0, 0, 0, 'UP')": {"(0, 1)": -2.1683750574983804, "(1, 0)": -2.127145381730859, "(0, -1)": -2.082962534370635, "(-1, 0)": -2.0906874162811224}, "(1, 0, 0, 0, 'RIGHT')": {"(0, 1)": -1.2097527370566594, "(1, 0)": -1.3560337504949238, "(0, -1)": -1.4450054550394544, "(-1, 0)": -1.2120278437334975}, "(0, 0, 1, 1, 'UP')": {"(0, 1)": -0.5975920370207268, "(1, 0)": -0.5992387792302976, "(0, -1)": -0.6171310268968281, "(-1, 0)": -0.6052760355513911}, "(0, 1, 1, 0, 'LEFT')": {"(0, 1)": -1.5467253080859296, "(1, 0)": -1.1942894189809024, "(0, -1)": -1.4225361039251907, "(-1, 0)": -1.5838525335922289}, "(1, 0, 1, 0, 'LEFT')": {"(0, 1)": -1.142387802163791, "(1, 0)": -1.0181839280568878, "(0, -1)": -0.8351960233644272, "(-1, 0)": -1.053141444317549}, "(0, 0, 0, 1, 'UP')": {"(0, 1)": -1.4195154663463363, "(1, 0)": -1.3740779099278542, "(0, -1)": -1.3596495451453834, "(-1, 0)": -1.3919838212105646}, "(0, 0, 1, 0, 'UP')": {"(0, 1)": -1.054274157443365, "(1, 0)": -0.9290243059128018, "(0, -1)": -0.9409653835356195, "(-1, 0)": -0.9736669829041223}, "(0, 1, 1, 1, 'LEFT')": {"(0, 1)": -1.7818966153419429, "(1, 0)": -0.18863995216120136, "(0, -1)": -1.267752301583903, "(-1, 0)": -1.7351682552645997}, "(1, 1, 1, 0, 'LEFT')": {"(0, 1)": -2.0825055521774356, "(1, 0)": -0.8013533642999998, "(0, -1)": -1.6086139873817655, "(-1, 0)": -2.1983305438261653}, "(0, 0, 1, 0, 'LEFT')": {"(0, 1)": -1.6955458960070229, "(1, 0)": -1.7634051218216216, "(0, -1)": -1.8007629093165305, "(-1, 0)": -1.7354297981585989}, "(1, 0, 0, 1, 'UP')": {"(0, 1)": -0.7548346537622848, "(1, 0)": -1.2949998691176012, "(0, -1)": -1.3070336825050508, "(-1, 0)": -1.2967645608303306}, "(1, 0, 1, 0, 'RIGHT')": {"(0, 1)": -0.36926576094165997, "(1, 0)": -0.7324569286660441, "(0, -1)": -0.6054028792427015, "(-1, 0)": -0.7879207908896563}, "(0, 1, 0, 0, 'RIGHT')": {"(0, 1)": -1.1358257715586955, "(1, 0)": -1.1534089508282945, "(0, -1)": -1.1502145282206917, "(-1, 0)": -1.1321782447957625}, "(1, 1, 0, 0, 'DOWN')": {"(0, 1)": -0.886519188008031, "(1, 0)": -0.4748316889211626, "(0, -1)": -0.8547844296378264, "(-1, 0)": -0.8538361734887507}, "(1, 0, 1, 0, 'UP')": {"(0, 1)": -0.5192182089303238, "(1, 0)": -1.5465710002960782, "(0, -1)": -1.578615185875277, "(-1, 0)": -1.4722509707236249}, "(0, 0, 1, 0, 'RIGHT')": {"(0, 1)": -1.2955115405804198, "(1, 0)": -1.1937753243795826, "(0, -1)": -1.334954451871008, "(-1, 0)": -1.2501576054435712}, "(1, 0, 0, 1, 'RIGHT')": {"(0, 1)": -1.2618927437169298, "(1, 0)": -1.2992933547414285, "(0, -1)": -1.299833162798415, "(-1, 0)": -0.8786821280727227}, "(0, 1, 0, 1, 'RIGHT')": {"(0, 1)": -0.845179551803617, "(1, 0)": -0.9151238254033575, "(0, -1)": -0.8698325559103951, "(-1, 0)": -0.5486717273999178}, "(0, 1, 0, 1, 'UP')": {"(0, 1)": -1.5057931303035659, "(1, 0)": -1.0773233368717288, "(0, -1)": -1.4834217996891501, "(-1, 0)": -1.499245796109933}, "(0, 0, 1, 1, 'DOWN')": {"(0, 1)": -1.351220395517816, "(1, 0)": -1.330776064095288, "(0, -1)": -1.0974931747855423, "(-1, 0)": -0.9732722181838815}, "(1, 0, 1, 0, 'DOWN')": {"(0, 1)": -1.1036509362800453, "(1, 0)": -1.2320347053397127, "(0, -1)": -0.6542986995025202, "(-1, 0)": -1.315331105795042}, "(0, 1, 1, 1, 'DOWN')": {"(0, 1)": -1.80851949681846, "(1, 0)": -1.0877593143027557, "(0, -1)": -0.5810904496159619, "(-1, 0)": -1.7613209222352029}, "(0, 0, 1, 0, None)": {"(0, 1)": -0.911926224557582, "(1, 0)": -0.921247650893336, "(0, -1)": -0.8934619820613575, "(-1, 0)": -0.892936358161127}, "(0, 0, 0, 1, None)": {"(0, 1)": -0.42643624095838584, "(1, 0)": -0.40717975225526915, "(0, -1)": -0.5242647143940982, "(-1, 0)": -0.08007500000000001}, "(0, 0, 0, 1, 'LEFT')": {"(0, 1)": -1.290486305981203, "(1, 0)": -1.3069183533867421, "(0, -1)": -1.2622473412341149, "(-1, 0)": -1.3316590267803567}, "(0, 0, 1, 1, None)": {"(0, 1)": -0.15911651524187498, "(1, 0)": -0.31127254833643775, "(0, -1)": -0.04606594664906251, "(-1, 0)": 0.0}, "(1, 0, 1, 1, 'DOWN')": {"(0, 1)": -0.8964953037920538, "(1, 0)": -0.9574691851164522, "(0, -1)": -0.24412782182896942, "(-1, 0)": 0.0}, "(1, 0, 1, 1, 'UP')": {"(0, 1)": 0.0, "(1, 0)": -1.7538194770356683, "(0, -1)": -0.6058051134666237, "(-1, 0)": -1.7116559587469766}, "(1, 1, 0, 1, 'UP')": {"(0, 1)": -1.2975340881837676, "(1, 0)": -0.9724333434117153, "(0, -1)": -1.5052115571551712, "(-1, 0)": -1.3409745076656236}, "(0, 1, 1, 0, 'UP')": {"(0, 1)": -0.7176831390605073, "(1, 0)": -0.7875008497610629, "(0, -1)": -0.7313561596557434, "(-1, 0)": -0.7597634315038568}, "(1, 0, 0, 0, None)": {"(0, 1)": -0.317128114853391, "(1, 0)": -0.4838009847915411, "(0, -1)": -0.5254806660240441, "(-1, 0)": -0.4854991532395356}, "(1, 0, 1, 1, None)": {"(0, 1)": 0.0, "(1, 0)": -0.10949700000000001, "(0, -1)": 0.0, "(-1, 0)": 0.0}, "(0, 0, 1, 1, 'LEFT')": {"(0, 1)": -0.41332075357337233, "(1, 0)": -0.3214858579553504,