{"(0, 1, 0, 0)": {"(0, 1)": -1.1861312551212195, "(1, 0)": -0.7555664097265832, "(0, -1)": -1.2184002705408365, "(-1, 0)": -1.111982667580962}, "(0, 1, 1, 0)": {"(0, 1)": -0.8549138121022413, "(1, 0)": -0.7690007178450048, "(0, -1)": -0.09000000000000001, "(-1, 0)": -0.7822614441237064}, "(0, 0, 0, 1)": {"(0, 1)": -1.1116320738605798, "(1, 0)": -1.0700055348653201, "(0, -1)": -1.1414385676496193, "(-1, 0)": -1.0062300145442726}, "(0, 0, 0, 0)": {"(0, 1)": -1.4051511446485394, "(1, 0)": -1.4896510108727419, "(0, -1)": -1.5206214995910066, "(-1, 0)": -1.4560680405009165}, "(1, 0, 0, 0)": {"(0, 1)": -0.9004860585913539, "(1, 0)": -0.7945760982570401, "(0, -1)": -0.8403326634959781, "(-1, 0)": -0.9751998107789844}, "(0, 0, 1, 0)": {"(0, 1)": -1.041843798645409, "(1, 0)": -1.0752061968729227, "(0, -1)": -1.0464891098301277, "(-1, 0)": -1.0091805074349582}, "(0, 0, 1, 1)": {"(0, 1)": -0.9609475506952174, "(1, 0)": -0.9044305990254593, "(0, -1)": -0.9594577732059058, "(-1, 0)": -0.928661958445336}, "(1, 1, 0, 0)": {"(0, 1)": -0.5753427657630945, "(1, 0)": -0.7289143786327503, "(0, -1)": -0.6846264813760188, "(-1, 0)": -0.7153609043904778}, "(1, 0, 1, 0)": {"(0, 1)": -0.9768762950534601, "(1, 0)": -1.0906684073518695, "(0, -1)": -0.5365389649211401, "(-1, 0)": -0.9255764930893655}, "(0, 1, 0, 1)": {"(0, 1)": -0.9858340350459105, "(1, 0)": -0.6079634669664098, "(0, -1)": -0.9441921190705561, "(-1, 0)": -0.30288450920049825}, "(1, 0, 1, 1)": {"(0, 1)": -0.7237129356466088, "(1, 0)": -0.7905766887537876, "(0, -1)": -0.6156286533278005, "(-1, 0)": -0.52941315}, "(0, 1, 1, 1)": {"(0, 1)": -0.5825398085184654, "(1, 0)": -0.424829, "(0, -1)": -0.62491208425, "(-1, 0)": 0.0}, "(1, 0, 0, 1)": {"(0, 1)": -0.7268192614216015, "(1, 0)": -0.8287530763298576, "(0, -1)": -0.7560404111915913, "(-1, 0)": -0.7736809242247434}, "(1, 1, 0, 1)": {"(0, 1)": -0.7286824299019916, "(1, 0)": -0.09000000000000001, "(0, -1)": -0.5515812710492562, "(-1, 0)": -0.42617649999999996}, "(1, 1, 1, 0)": {"(0, 1)": 0.0, "(1, 0)": -0.5171842274037713, "(0, -1)": -0.31625689999999995, "(-1, 0)": -0.3910077945}, "(1, 1, 1, 1)": {"(0, 1)": -0.14845874550676497, "(1, 0)": -0.27569935069507956, "(0, -1)": -0.1903600424161724, "(-1, 0)": -0.14753822600816466}}